{"max": [0.321928, 0.788084, 0.321928], "centroid": [-0.0024720409471508343, 0.5584105069795173, -0.00017355574867785524], "id": "ccd313055ecb8799f155d75bbf62b80", "numVertices": 5370, "min": [-0.321928, 0.0, -0.321928]}
