{"max": [0.917149, 1.89868, 0.0], "centroid": [0.46215822999999984, 1.384207812499998, -0.45461518125000017], "id": "c1177110cf5b9b12a3c9394112c76917", "numVertices": 320, "min": [0.0, 0.0, -0.917149]}
