{"max": [34.3552, 28.9057, 25.4497], "centroid": [12.983869744213864, 15.623525153464564, 7.313393659092501], "id": "16521a9446e3de14a6f567d4d1e09ecb", "numVertices": 2843, "min": [-1.77855, -6.78528, -10.6841]}
