{"max": [-0.616965, 0.31, -1.11155], "centroid": [-0.8269647083333335, 0.17500000000000002, -1.3215466666666662], "id": "dc7ce614dc719649b394cfa64dfabe8e", "numVertices": 96, "min": [-1.03697, 0.0, -1.53155]}
