{"max": [0.368878, 0.88, 0.368878], "centroid": [0.0008153241106719398, 0.7852150316205566, 0.0010230909090909158], "id": "a513393efc093c7cb00bfc975577e7b5", "numVertices": 506, "min": [-0.368878, 0.0, -0.368878]}
