{"max": [-0.0528092, 0.9144, 0.794815], "centroid": [-0.49330707256870343, 0.6146090044754586, 0.44278358784991284], "id": "def815f84e0cc9cfcb2a965e75be701c", "numVertices": 11753, "min": [-0.77082, 0.0, 0.0852248]}
