{"max": [0.257704, 0.255271, -0.135808], "centroid": [0.1714402163090128, 0.09379831427038651, -0.24208178540772565], "id": "fbf7021503a2a11fce41b639931f9ca1", "numVertices": 1864, "min": [0.0908019, 0.0, -0.250435]}
