{"max": [3.23319, 0.803356, -1.86574], "centroid": [2.9175502024096294, 0.5621912036144576, -2.181597568674668], "id": "ea90a3c6378d6f6d56f6fc4b4ce1db04", "numVertices": 8300, "min": [2.60145, 0.0, -2.49747]}
