{"max": [0.0, 0.844474, 0.0], "centroid": [-0.29845019435813974, 0.5424451620380909, -0.296784854830552], "id": "b4b4f2d95de89e88b693b28f9c9c2143", "numVertices": 5093, "min": [-0.5969, 0.0, -0.5969]}
