{"max": [0.0, 0.97, 0.0], "centroid": [-0.3114135245683942, 0.2013038831341303, -0.3058698638778223], "id": "5982f083a4a939607eee615e75bc3b77", "numVertices": 1506, "min": [-0.671, 0.0, -0.61]}
