{"max": [0.0449348, 1.06645, -0.156841], "centroid": [-0.4821841795098035, 0.8552928382352949, -0.5217195686274507], "id": "4088f2056763a95752e986a5f722a6f", "numVertices": 204, "min": [-1.03702, 0.0, -1.06419]}
