{"max": [-0.0349137, 0.803275, 0.761473], "centroid": [-0.38791947611455657, 0.48059911839386316, 0.41178110115146255], "id": "ffe5f0ef45769204cb2a965e75be701c", "numVertices": 3387, "min": [-0.737481, 0.0, 0.0550363]}
