{"max": [-0.184292, 1.26993, -0.0424109], "centroid": [-0.52397802925937, 0.7113926030783253, -0.33242165431271115], "id": "af1dc226f465990e81faebbdea6bd9be", "numVertices": 3281, "min": [-0.863346, 0.0, -0.721465]}
