{"max": [0.018815, 0.9017, -0.0736969], "centroid": [-0.2699906124031007, 0.589598108527132, -0.3675666201550388], "id": "95c5a762fc8624859d7f638b2b2e0564", "numVertices": 129, "min": [-0.575545, -0.0762, -0.668057]}
