{"max": [0.6096, 2.1971, 0.6096], "centroid": [0.031806812794579115, 1.3464821174512662, -0.0034233266999524354], "id": "c461a147d5dea8152e91d3ee7cb428f0", "numVertices": 2103, "min": [-0.6096, 0.80645, -0.6096]}
