{"max": [0.316106, 0.36, 0.0], "centroid": [0.15800299790196065, 0.26397058696078346, -0.08901995132549005], "id": "ca9c8771ab1ec28920de219c00d1c3b", "numVertices": 408, "min": [0.0, 0.0, -0.178447]}
