{"max": [1.82365, 6.04361, 0.965958], "centroid": [0.5510986194444445, 4.063204583333329, -0.2861394597222222], "id": "cfb3a57ec847ebefc99e09be54ad23a9", "numVertices": 144, "min": [-0.732223, -0.0365125, -1.58992]}
