{"max": [0.791946, 0.9144, 0.7508], "centroid": [0.4360777828012758, 0.6915967426177186, 0.3967515017158816], "id": "e2276eb0322d1885cb2a965e75be701c", "numVertices": 5012, "min": [0.0807463, 0.0, 0.042634]}
