{"max": [-1.22264, 9.17052, 9.65267], "centroid": [-4.771558654353556, 4.808501081794191, 6.095636068601578], "id": "7069760a16db98f46c9e5b09a1c294d9", "numVertices": 379, "min": [-8.25257, 0.0, 2.69167]}
