{"max": [0.189006, 0.44053, 0.188994], "centroid": [3.0730198285423537e-07, 0.19967247129412286, -2.8807200269884625e-07], "id": "f76b14ffc2fe6c7485eb407ec5a0fadd", "numVertices": 2040, "min": [-0.188994, 0.0, -0.189006]}
