{"max": [0.899642, 1.13809, -0.0722875], "centroid": [0.55940909137842, 0.7017327740836313, -0.41851325080020574], "id": "94901779bc2359adcb2a965e75be701c", "numVertices": 1937, "min": [0.220193, 0.0, -0.746862]}
