{"max": [0.546862, 0.830116, 0.54686], "centroid": [0.3192354833586042, 0.6484034909458781, 0.2519186105051213], "id": "4648772290e4dcf6ad5067eac75a07f7", "numVertices": 1977, "min": [2.26498e-06, 0.0, 9.31323e-09]}
