{"max": [0.355031, 0.866692, 0.355031], "centroid": [-0.0013104131415352408, 0.7010467275759816, -9.926797098501586e-06], "id": "156fe84679171501f155d75bbf62b80", "numVertices": 8754, "min": [-0.355031, 0.0, -0.355031]}
