{"max": [0.741157, 0.83185, 0.720049], "centroid": [0.40671169061662243, 0.6104542223939433, 0.5195488964832035], "id": "9307ad32b595cd82cb2a965e75be701c", "numVertices": 6341, "min": [0.0680573, 0.0, 0.0451088]}
