{"max": [-0.254969, 1.10166, 0.820488], "centroid": [-0.534010770833334, 0.5824702936050705, 0.5399981422101441], "id": "637a9226a0509545cb2a965e75be701c", "numVertices": 1104, "min": [-0.813769, 0.0, 0.261688]}
