{"max": [0.660535, 1.20786, 0.670736], "centroid": [0.32958613648599866, 0.5415548989611506, 0.3405346358175267], "id": "3562096fbba555eaad5067eac75a07f7", "numVertices": 11070, "min": [0.0, 0.0, 0.0]}
