{"max": [0.0405608, 0.94615, 0.37465], "centroid": [-0.1358283468476356, 0.6209603558669005, 0.06272286467600705], "id": "e3f87ceed5c45b39eb0ce5843fe6b264", "numVertices": 571, "min": [-0.359489, 0.0, -0.14859]}
