{"max": [0.0, 1.03443, 0.54686], "centroid": [-0.2728915106227239, 0.8008905628550629, 0.34493379036730815], "id": "39733528663b8ffbad5067eac75a07f7", "numVertices": 2746, "min": [-0.54686, 0.0, 9.31323e-09]}
