{"max": [0.353888, 0.617934, 0.353888], "centroid": [0.0007564523411534709, 0.500913801955037, -7.008160638639682e-06], "id": "415cae243e110f5cf155d75bbf62b80", "numVertices": 6138, "min": [-0.353888, 0.0, -0.353888]}
