{"max": [-140.798, 2.06851, -0.754749], "centroid": [-141.93111023622046, 1.1854864173228352, -1.829766251968503], "id": "ae3257e7e0dca9a4fc8569054682bff9", "numVertices": 127, "min": [-143.06, 0.0, -3.01693]}
