{"max": [3.23319, 0.977981, -1.86574], "centroid": [2.918140654409477, 0.49900191773138136, -2.181375684013732], "id": "38418e5ea375d66a56f6fc4b4ce1db04", "numVertices": 3209, "min": [2.60145, 0.0, -2.49747]}
