{"max": [0.429145, 0.92451, 0.429145], "centroid": [-1.2770316091952824e-05, 0.5001899268007645, -9.009826264367885e-05], "id": "b6fa6b957d2ed982e4612a77ab3114c6", "numVertices": 10440, "min": [-0.429145, 0.0, -0.429145]}
