{"max": [0.00025549, 0.243273, 0.139255], "centroid": [-0.07801297735510214, 0.19443803918367278, 0.06257393745306121], "id": "de31ede76692c36271c1c4a28b10d064", "numVertices": 1225, "min": [-0.155847, 0.0, -0.00025549]}
