{"max": [0.0787404, 0.989224, -0.0306921], "centroid": [-0.3008292980099098, 0.2620296599974076, -0.4154383246873415], "id": "24884ef01e9a3832d2b12aa6a0f050b3", "numVertices": 30785, "min": [-0.673747, -0.0288184, -0.782786]}
