{"max": [0.0968375, 2.06216, 1.93358], "centroid": [-1.206774937704918, 0.9903206721311476, 0.5469388196721311], "id": "fc62acf82529b74867964ba700cd97f5", "numVertices": 61, "min": [-2.65906, 0.0, -0.0220028]}
