{"max": [0.266552, 0.347606, 0.258505], "centroid": [0.11568149692901243, 0.3203704074074075, 0.10763480524691368], "id": "e3484284e1f301077d9a3c398c7b4709", "numVertices": 648, "min": [-0.0351887, 0.0, -0.0432353]}
