{"max": [0.625103, 2.0038, 0.625103], "centroid": [0.004206256132631559, 0.11964993052631573, 0.0017207400815789449], "id": "c18e807ff9858a51fb016d9401ff3e29", "numVertices": 380, "min": [-0.625103, -0.01905, -0.625103]}
