{"max": [0.660535, 1.05546, 0.670736], "centroid": [0.33002016015469726, 0.43377413000000764, 0.3427969229834276], "id": "db9d164a58b37117ad5067eac75a07f7", "numVertices": 9050, "min": [0.0, 0.0, 0.0]}
