{"max": [0.661311, 0.999412, 0.671513], "centroid": [0.33043419967611365, 0.46537650263158353, 0.36312950526315774], "id": "7065044631c0eedaad5067eac75a07f7", "numVertices": 2470, "min": [0.0, 0.0, 0.0]}
