{"max": [0.0, 1.40015, 0.5], "centroid": [-0.265886699507389, 0.7613153793103445, 0.24630541871921194], "id": "e05add2e5e4574997c6269fe8093902c", "numVertices": 203, "min": [-0.525, 0.0, 0.0]}
