{"max": [5.23748, 12.5209, 5.25807], "centroid": [0.057326586516854024, 5.964626235955072, -0.2032506825842698], "id": "a2e9d8324c1f62cd5ecea499ceee624d", "numVertices": 356, "min": [-4.80859, -0.09525, -5.38906]}
