{"max": [0.383929, 0.9366, 0.383929], "centroid": [-1.1237153183271984e-17, 0.5155300000000008, -1.8272420613622368e-17], "id": "d756ab06172e422fa1228be00ccc1d69", "numVertices": 720, "min": [-0.383929, 0.011502, -0.383929]}
