{"max": [0.415274, 1.09225, 0.415274], "centroid": [-5.258534981308612e-18, 0.22925687384045557, 9.299303966945756e-17], "id": "5092afb4be0a2f89950ab3eaa7fe7772", "numVertices": 2106, "min": [-0.415274, -0.0224706, -0.415274]}
