{"max": [0.759087, 1.1799, 0.759087], "centroid": [0.3803440922511299, 0.7989341777598409, 0.37943842349709556], "id": "f35efdf00062e177962bfd5bcfc9bf86", "numVertices": 3098, "min": [0.0, 0.0, 0.0]}
