{"max": [0.282741, 0.294876, 0.0], "centroid": [0.1413707499632352, 0.2230052941176466, -0.14137074187499998], "id": "7919df48b23e61ba6739a7caa0c577bd", "numVertices": 816, "min": [0.0, 0.0, -0.282741]}
