{"max": [0.243993, 0.81531, 0.263422], "centroid": [-0.015913076993670894, 0.5423417721519076, 0.0034222574156118003], "id": "b9b1108520918039a47fdd008f2ae822", "numVertices": 948, "min": [-0.276007, 0.0, -0.256578]}
