{"max": [0.5, 0.99, 0.0], "centroid": [0.25000002983734915, 0.8407464819277121, -0.25000000643373516], "id": "632c8c69e7e7bda54559a6e3650dcd3", "numVertices": 664, "min": [0.0, 0.0, -0.5]}
