{"max": [0.09, 0.265, 0.09], "centroid": [-3.6923076927127734e-09, 0.16870292390221883, -0.0001076031538461556], "id": "d6474403437240d578e4d091a0ee3ecd", "numVertices": 325, "min": [-0.09, -0.01, -0.09]}
