{"max": [-9.31323e-09, 0.830113, 0.0], "centroid": [-0.273258274956117, 0.2834955251247925, -0.2730155141430948], "id": "755d669a95bc00c3ad5067eac75a07f7", "numVertices": 601, "min": [-0.54686, 0.0, -0.54686]}
