{"max": [0.0273555, 0.414685, 0.165783], "centroid": [-0.2272283487637359, 0.18179798351648338, -0.10352868049450534], "id": "caefb14d743df2d69c3870d54ab64b77", "numVertices": 364, "min": [-0.483152, 0.0, -0.370997]}
