{"max": [0.0, 1.11081, 0.0], "centroid": [-0.37391700717945014, 0.49240702779618795, -0.36157088727565856], "id": "e48d8446159614caad5067eac75a07f7", "numVertices": 25651, "min": [-0.73603, -0.003175, -0.725767]}
