{"max": [0.682625, 0.898496, 0.676762], "centroid": [0.35977727243460766, 0.605616345271632, 0.35578067480885295], "id": "ada5b924669c5bf4cb2a965e75be701c", "numVertices": 2485, "min": [0.0381, 0.0, 0.0344382]}
