{"max": [0.0, 0.866775, 0.6096], "centroid": [-0.1905000000000001, 0.42198591666666657, 0.1354666666666667], "id": "e19887ca50862a434c86b1fdc94892eb", "numVertices": 48, "min": [-0.381, 0.0, -0.127]}
