{"max": [0.0, 1.18453, 0.0], "centroid": [-0.37380237535990274, 0.4909991135927263, -0.36158410475278885], "id": "ad0bba7ced79b52fad5067eac75a07f7", "numVertices": 25521, "min": [-0.728936, -0.003175, -0.724129]}
