{"max": [3.48738, 1.03121, -3.12004], "centroid": [3.2228076694045287, 0.5165567216006145, -3.2594032494866423], "id": "f8b6bcf0dcf240e567e4c36fcbad1d04", "numVertices": 1948, "min": [2.95725, -0.00792758, -3.65647]}
