{"max": [0.54686, 0.830113, 0.54686], "centroid": [0.33256941648959576, 0.47839953593256085, 0.27286820558482594], "id": "b1625cc91f9355fead5067eac75a07f7", "numVertices": 949, "min": [9.31323e-09, 0.0, 0.0]}
