{"max": [0.314875, 0.772286, 0.308564], "centroid": [-0.004689529631236457, 0.6146651699182788, -0.0007597601540130435], "id": "64393896dc4403c0e88c1d6fc3580355", "numVertices": 3688, "min": [-0.313112, -0.0635, -0.319423]}
