{"max": [1.12, 3.01651, 1.12], "centroid": [5.088522196198634e-17, 1.5080785416666658, 0.0], "id": "a97bd9998d12467d7275456565149f4f", "numVertices": 48, "min": [-1.12, 0.0, -1.12]}
