{"max": [0.492758, 0.749257, 0.492758], "centroid": [0.32344657431104873, 0.47390586108374405, 0.24562985685854957], "id": "da9ee9282a5e7c77ad5067eac75a07f7", "numVertices": 1421, "min": [0.0, 0.0, 0.0]}
