{"max": [12.526, -7.0737, 12.1242], "centroid": [12.182708779011078, -7.292092552976804, 11.826161402623624], "id": "10839d0dc35c94fcf4fb4dee5181bee", "numVertices": 1982, "min": [11.8405, -7.79125, 11.5305]}
