{"max": [0.352792, 0.857036, 0.352792], "centroid": [4.7114936306357137e-05, 0.71092695388454, -0.0017656468125001035], "id": "f10ced1e1dcf4f32f155d75bbf62b80", "numVertices": 9216, "min": [-0.352792, 0.0, -0.352792]}
