{"max": [0.800938, 1.10467, 0.338965], "centroid": [0.4594085917181273, 0.5827267929531443, 0.022944848887904202], "id": "c2d6739b7d2b6cadad5067eac75a07f7", "numVertices": 2753, "min": [0.140404, 0.0, -0.33176]}
