{"max": [0.749925, 0.9144, 0.746586], "centroid": [0.3941227047917604, 0.7370246645768191, 0.3909836460367215], "id": "555a9bff25db49ddcb2a965e75be701c", "numVertices": 6699, "min": [0.0387249, 0.0, 0.0353862]}
