{"max": [0.317467, 0.70958, 0.317467], "centroid": [-0.001065873778920326, 0.5506102458102222, 0.0015963189183090512], "id": "eddce90cae7f1468f155d75bbf62b80", "numVertices": 7002, "min": [-0.317467, -0.00427761, -0.317467]}
