{"max": [2.47119, 0.43, -0.850784], "centroid": [2.241192500000001, 0.1779999999999999, -1.0807834500000004], "id": "de2d9b57b6bd695c6ef50a3361f29610", "numVertices": 120, "min": [2.01119, 0.0, -1.31078]}
