{"max": [-0.0805576, 0.809022, -0.128749], "centroid": [-0.47732889818417734, 0.5362795409425073, -0.4506193899697369], "id": "f53492ed7a071e13cb2a965e75be701c", "numVertices": 2313, "min": [-0.873529, 0.0, -0.774336]}
