{"max": [-0.0960203, 0.912812, -1.16124], "centroid": [-0.5031443478764442, 0.6582986558880163, -1.54756913288289], "id": "f2c7e1b8112282dbcb2a965e75be701c", "numVertices": 6216, "min": [-0.891864, 0.0, -1.96146]}
