{"max": [31.6354, 23.6157, 40.2394], "centroid": [14.83455580655988, 13.703991803371043, 30.509366502275203], "id": "d75e58ff57a881286aecdf1bc1fdd961", "numVertices": 62655, "min": [1.20937, 0.0, 14.3314]}
