{"max": [0.0, 1.07442, 0.525172], "centroid": [-0.3249502907932481, 0.6957069862163818, 0.26117472763007943], "id": "ef22cb2b0800568f63b2acb037dfbcde", "numVertices": 5093, "min": [-0.638672, 0.0, 0.0]}
