{"max": [2.41015, 0.195262, 0.0740045], "centroid": [2.3453929098360704, 0.06723059882868858, -0.02684927114754097], "id": "c0951455fe667165599c7cf847d431a7", "numVertices": 244, "min": [2.27997, -0.0032272, -0.0441305]}
