{"max": [-0.0595932, 0.939867, 0.769349], "centroid": [-0.3839472000530608, 0.504947809311301, 0.44364766094800256], "id": "22213dc6019c215a81faebbdea6bd9be", "numVertices": 5654, "min": [-0.70869, 0.0, 0.118512]}
