{"max": [0.204389, 0.892175, 0.708025], "centroid": [-0.20499606531090675, 0.6113454984709508, 0.3552674152395522], "id": "208777cf36e27cdef4fb4dee5181bee", "numVertices": 1962, "min": [-0.613168, 0.0, 0.0]}
