{"max": [-0.148144, 1.21971, 0.372167], "centroid": [-0.5355798159790474, 0.6452937177471931, 0.026772290810740028], "id": "bc0ba7a521f9c61dad5067eac75a07f7", "numVertices": 3054, "min": [-0.87708, 0.0, -0.351962]}
