{"max": [-0.130102, 0.490858, 0.396404], "centroid": [-0.31147796039603953, 0.32600417425742556, 0.22634115148514863], "id": "e349b1d60823e089da15415f29346bc8", "numVertices": 101, "min": [-0.489807, 0.0, 0.0325509]}
