{"max": [0.31404, 0.693133, 0.31404], "centroid": [-0.0006181137595352224, 0.3954459779032415, -0.001467344836934094], "id": "4117be347627a845ba6cf6cbb9f4c2bb", "numVertices": 6843, "min": [-0.314192, -0.00403113, -0.31404]}
