{"max": [1.06803, -1.88973, -3.28973], "centroid": [0.9652463011292343, -2.092911920839513, -3.374767371963019], "id": "f249876997cf4fc550da8b99982a3057", "numVertices": 8767, "min": [0.862048, -2.19923, -3.60098]}
