{"max": [0.0, 0.8763, 1.2192], "centroid": [-0.6095999920535717, 0.1808616071428571, 0.6095999920535721], "id": "b2e03341b4648a3d63b2acb037dfbcde", "numVertices": 224, "min": [-1.2192, -0.0254, 0.0]}
