{"max": [0.9144, 1.27991, 0.9144], "centroid": [0.45609432220878304, 1.0113250914953698, 0.4577729601773443], "id": "69773dc176d1fa3fe88c1d6fc3580355", "numVertices": 2481, "min": [0.0, 0.0, 0.0]}
