{"max": [3.03461, 0.382575, -3.59244], "centroid": [2.8297516008771977, 0.2384418614035092, -3.7345993421052626], "id": "afe2cc6a31c13eff2b8e1e034cf1c1a9", "numVertices": 456, "min": [2.64406, 0.0, -3.88139]}
