{"max": [-0.050947, 0.539453, 0.0202996], "centroid": [-0.297230377469136, 0.29121170154320997, -0.25768481753086425], "id": "e4bcc42ed5b66b22b491f065bc1219a", "numVertices": 324, "min": [-0.502993, -0.0031455, -0.482241]}
