{"max": [0.164861, 0.762433, 0.174516], "centroid": [-0.03358396566288889, 0.4290093528000023, -0.023928553346666992], "id": "819795e285ea031625ebd1cd0b422e32", "numVertices": 9000, "min": [-0.232028, 0.0, -0.222373]}
