{"max": [-0.115054, 0.749187, -0.103783], "centroid": [-0.45256247982944575, 0.3544550739560539, -0.4143837300754416], "id": "dd2ebaecb3d046d2cb2a965e75be701c", "numVertices": 6098, "min": [-0.788154, -0.000319123, -0.776883]}
