{"max": [-0.0455945, 0.912813, -0.0316747], "centroid": [-0.4556183578656358, 0.5104043815592975, -0.4483044092065233], "id": "c0686f7b0da06f36cb2a965e75be701c", "numVertices": 3617, "min": [-0.871888, 0.0, -0.855705]}
