{"max": [-1.28126, 0.4, 0.735262], "centroid": [-1.4543095238095218, 0.2493877551020407, 0.562798292517007], "id": "b74e2ac0928725ba6f1c1d4ef8eeb77b", "numVertices": 147, "min": [-1.62818, 0.0, 0.388341]}
