{"max": [0.84064, 0.715191, 0.636468], "centroid": [0.5151682989940655, 0.21282332478718047, 0.31121870986472877], "id": "fe2b3c0ca29baeaed2b12aa6a0f050b3", "numVertices": 21870, "min": [0.189639, -0.045212, -0.0141677]}
