{"max": [6.9196, 0.7112, 2.12117], "centroid": [6.411308599605528, 0.48757442366863796, 1.8251571597633134], "id": "2343794f942a698cb6c43a5634bf2724", "numVertices": 507, "min": [5.9005, 0.0, 1.62271]}
