{"max": [-0.160968, 0.42545, 0.558698], "centroid": [-0.30686852310375506, 0.2144149193548381, 0.41862568177855625], "id": "91d6f4726d1a169d924bf081da6f024c", "numVertices": 2294, "min": [-0.446718, 0.0, 0.272948]}
