{"max": [0.0, 0.5, 0.0], "centroid": [-0.19999999999999996, 0.2524875, -0.2000000000000001], "id": "112120e83ef41de3571c83071e95ca03", "numVertices": 96, "min": [-0.4, 0.0, -0.4]}
