{"max": [0.325688, 0.905637, 0.301094], "centroid": [-0.004878615041322242, 0.672177087513577, -0.004063198668949454], "id": "74949d20ce6f5162ba6cf6cbb9f4c2bb", "numVertices": 4235, "min": [-0.331706, 0.0, -0.314457]}
