{"max": [0.0, 1.11081, 0.0], "centroid": [-0.3767364193570229, 0.5134168214889895, -0.3289250330406096], "id": "872810933ae35485ad5067eac75a07f7", "numVertices": 2364, "min": [-0.73603, -0.003175, -0.725767]}
