{"max": [-0.18258, 0.762, 0.433011], "centroid": [-0.5440098918862406, 0.5154605361731449, 0.07498820123381428], "id": "1864da0abd05dde7f4fb4dee5181bee", "numVertices": 4782, "min": [-0.899628, -0.04445, -0.284037]}
