{"max": [0.389374, 0.3404, 0.0], "centroid": [0.19033605999999992, 0.12766249997500007, -0.19637771625000006], "id": "330cdd681a0890b190fdbeabcd02777c", "numVertices": 128, "min": [0.0, 0.0, -0.389374]}
