{"max": [0.0143427, 0.881703, 0.751831], "centroid": [-0.3116775051240638, 0.5089138699025683, 0.42878459595202656], "id": "a8b39c32604173c1d2b12aa6a0f050b3", "numVertices": 13340, "min": [-0.636643, 0.0, 0.101088]}
