{"max": [4.10991, 12.2566, 3.86538], "centroid": [1.67090891204439, 4.156361413215353, 0.05597566030957966], "id": "544bb6c9c8ff5ebd6c63a10c02702cfc", "numVertices": 6848, "min": [-3.74379, 0.0, -3.75466]}
