{"max": [0.582121, 0.596201, 0.366662], "centroid": [0.1789091310417181, 0.2526015548668004, -0.036571514266732386], "id": "ea5598f84391296ad2b12aa6a0f050b3", "numVertices": 24038, "min": [-0.22372, -0.0435559, -0.438786]}
