{"max": [-1.99848, 0.5447, 2.49755], "centroid": [-2.1666775358324277, 0.4494202668136702, 2.3769402756339573], "id": "c904d927672acd48ad8a0ee9b106700e", "numVertices": 1814, "min": [-2.33053, 0.0, 2.23522]}
