{"max": [0.387348, 0.918144, 0.387348], "centroid": [0.19367468904810595, 0.5107847340839304, 0.19367469244626376], "id": "c5c2a3f8d66cdaf7ad5067eac75a07f7", "numVertices": 977, "min": [0.0, 0.0, 0.0]}
