{"max": [0.450117, 0.59055, -0.112366], "centroid": [0.15796513253438407, 0.37169442113248774, -0.4037187107255488], "id": "fa5f703728fd7d5ff4fb4dee5181bee", "numVertices": 3170, "min": [-0.13408, -0.0508, -0.696566]}
