{"max": [0.0, 3.913, 0.009914], "centroid": [-1.1431783355091385, 3.4075782767624117, -1.1655718015665781], "id": "d0811b88cf8db844375bc8943daa105", "numVertices": 766, "min": [-2.326, 0.0, -2.33591]}
