{"max": [0.672347, 0.640724, 1.01392], "centroid": [0.2965777000550252, 0.07909239571557178, 0.6377768014024426], "id": "f8b449eee1c8775fd2b12aa6a0f050b3", "numVertices": 24386, "min": [-0.0798455, -0.0435559, 0.261465]}
