{"max": [0.184048, 0.942835, 0.003828], "centroid": [-1.231500848252638e-10, 0.7583641570247959, -0.18248465958677706], "id": "dddfd6b37ca28647167a483e22d2eb7a", "numVertices": 242, "min": [-0.184048, 0.0, -0.356172]}
