{"max": [0.6096, 1.60138, 0.6096], "centroid": [0.2368480122797928, 1.359983740932642, 0.25603300365284987], "id": "ab52671bb9b66e7663996f7debdc929e", "numVertices": 772, "min": [-0.117409, 0.0, -0.085344]}
