{"max": [0.5, 0.0, 0.5], "centroid": [-1.734723475976807e-18, -0.5856, -4.371503159461554e-17], "id": "f116f3c432856fccddd8899c86e55073", "numVertices": 120, "min": [-0.5, -0.996, -0.5]}
