{"max": [0.000641055, 1.24511, 0.74272], "centroid": [-0.6683704944502639, 0.6445965775300261, 0.2566924217616261], "id": "aa547280eb99fd3fc8a06b09a9a18b3d", "numVertices": 3247, "min": [-1.39277, -0.00410161, 0.0027198]}
