{"max": [0.0, 1.07442, 0.525172], "centroid": [-0.3171137590059713, 0.6847481903272343, 0.2611067627618841], "id": "af8ae2bd4ec21bfe63b2acb037dfbcde", "numVertices": 4859, "min": [-0.638672, 0.0, 0.0]}
