{"max": [-0.148144, 1.21971, 0.372167], "centroid": [-0.5233277203949886, 0.5085053863273776, 0.009521004617394921], "id": "91465736fa174801ad5067eac75a07f7", "numVertices": 26330, "min": [-0.87708, 0.0, -0.351962]}
