{"max": [0.00056117, 0.547073, 0.222093], "centroid": [-0.16353966331743477, 0.45558829835212394, 0.0989633860797919], "id": "f7c95d62feb4fb03c0d62fb4fabc5d06", "numVertices": 2306, "min": [-0.328258, 0.0, -0.0308658]}
