{"max": [0.0, 1.12217, 0.534924], "centroid": [-0.3256122670240293, 0.20614766451016645, 0.22416354447319828], "id": "f0f6b79c748c9598ae1c1abea367249", "numVertices": 541, "min": [-0.604714, 0.0, 0.0]}
