{"max": [-0.367687, 0.4064, -0.346861], "centroid": [-0.5865422499999997, 0.25934736842105266, -0.4888816907894738], "id": "93d5f21e94ac5fb68a606c63493ddb7c", "numVertices": 152, "min": [-0.799487, 0.0, -0.626849]}
