{"max": [0.0342962, 0.828675, 0.779037], "centroid": [-0.3286599578836426, 0.5112092698779936, 0.40807813264849213], "id": "b401be1a08b87882f4fb4dee5181bee", "numVertices": 4916, "min": [-0.699129, -0.0508, 0.0456115]}
