{"max": [0.656042, 1.16508, 0.644914], "centroid": [0.3582704458384665, 0.6219748559186224, 0.34796967265721246], "id": "b03989e0afe2443581faebbdea6bd9be", "numVertices": 6488, "min": [0.0605993, 0.0, 0.0386305]}
