{"max": [-0.0525301, 0.803275, 0.775589], "centroid": [-0.4033592186143785, 0.5310092501437953, 0.4250484030065349], "id": "663082bdb695ea9ccb2a965e75be701c", "numVertices": 3825, "min": [-0.757574, 0.0, 0.0691517]}
