{"max": [0.848152, 0.912812, -0.0263405], "centroid": [0.4905190878088625, 0.5844486694710966, -0.42463103214212783], "id": "e91da0c5c59ec4c8cb2a965e75be701c", "numVertices": 4897, "min": [0.0485119, 0.0, -0.826567]}
