{"max": [0.20955, 0.69215, 0.20955], "centroid": [-0.0012236956944388809, 0.4886758601284896, -0.0035888628468179018], "id": "ae33867e3c5e1703f155d75bbf62b80", "numVertices": 4981, "min": [-0.20955, 0.0, -0.20955]}
