{"max": [1.52348, 1.15874, 1.21276], "centroid": [1.1867420922342995, 0.754387507818716, 0.8893381667108412], "id": "3886bc0f590dd5ef2056b4bd5d870b47", "numVertices": 3773, "min": [0.873498, 0.0, 0.565832]}
