{"max": [0.479113, 1.03292, 0.724996], "centroid": [0.2480643889592136, 0.7278205557749696, 0.22159031891233003], "id": "d30c7f6073bb8565c8a06b09a9a18b3d", "numVertices": 2133, "min": [0.00476325, 0.0, 0.00653398]}
