{"max": [1.73754, 1.29, 2.96248], "centroid": [1.325588616216216, 0.9995028648648652, 2.5716700000000006], "id": "edcbeac5da0b42dd7936acbca381136f", "numVertices": 185, "min": [0.823695, -0.0031, 2.18427]}
