{"max": [0.3048, 1.0795, 0.3048], "centroid": [-1.1904761879826835e-08, 0.9489149642857112, 1.1904761889243906e-08], "id": "ca901a3fa7a02f07912bc5b1ad60720", "numVertices": 672, "min": [-0.3048, 0.0, -0.3048]}
