{"max": [2.8545, 1.82404, 3.4112], "centroid": [2.0372797222222214, 1.208440600000001, 2.5939804166666667], "id": "cb8c6fc0e70e3dc12d1fcd0df2dc6d5c", "numVertices": 144, "min": [1.22006, 0.0, 1.77676]}
