{"max": [0.0, 0.801, 0.0], "centroid": [-0.28060042094394444, 0.42058076155358265, -0.21092593595869988], "id": "f095cf11c6049709d395fa91e75a7dc7", "numVertices": 4068, "min": [-0.446, 0.0, -0.422]}
