{"max": [0.2032, 0.3048, 0.2032], "centroid": [0.000265341891891889, 0.1977081081081082, 0.00026534189189188884], "id": "8675c75413c9938dccf149c7b4065e", "numVertices": 74, "min": [-0.2032, 0.0, -0.2032]}
