{"max": [0.425196, 0.86106, -0.0510235], "centroid": [0.21151464872727277, 0.7416614909090912, -0.18652618545454552], "id": "f97df3db44133969fe42c1e9e335e7fc", "numVertices": 110, "min": [0.0, 0.1524, -0.283464]}
