{"max": [0.796432, 1.03024, 0.80233], "centroid": [0.3810116333333339, 0.8367248733333336, 0.3926267466666667], "id": "9887c4dfab0816a0febaf541a3d4b03e", "numVertices": 300, "min": [0.0, 0.0, 0.0]}
