{"max": [-0.0972252, 0.939873, 0.745845], "centroid": [-0.42175298414662654, 0.4954239213483549, 0.4199518985290671], "id": "e6ea9e633efbe1e281faebbdea6bd9be", "numVertices": 4283, "min": [-0.746322, 0.0, 0.0950127]}
