{"max": [0.0, 0.826421, 0.445677], "centroid": [-0.2722566584112741, 0.5294734783644373, 0.22300624249067139], "id": "e8878aa23064c704ad5067eac75a07f7", "numVertices": 2519, "min": [-0.547231, 0.0, 0.0]}
