{"max": [0.44, 0.716, 0.0], "centroid": [0.22000002169576016, 0.6267635012468853, -0.14366521832917725], "id": "1860c92b11061edce3b4c991629e71ab", "numVertices": 802, "min": [0.0, 0.0, -0.302]}
