{"max": [-1.41974, 0.550862, 1.85021], "centroid": [-1.7248170370370364, 0.2772471074074075, 1.5268291666666651], "id": "64976ee2a69d3202956c23e7ddc28c00", "numVertices": 216, "min": [-2.03205, 0.0, 1.23791]}
