{"max": [0.535529, 11.1154, 0.541801], "centroid": [-2.6688727832748547, 3.375807610526317, -1.255966453216373], "id": "d62fb12c728b273b1aae33b6f700ecdc", "numVertices": 171, "min": [-6.87111, -0.426518, -5.25145]}
