{"max": [6.11966, 1.88595, 4.59475], "centroid": [5.6134317307692365, 1.225061538461537, 4.096837115384613], "id": "b77e94ab409def2b72745b90f9692729", "numVertices": 104, "min": [5.11636, 0.0, 3.59145]}
