{"max": [1.47765, 0.6858, -0.640039], "centroid": [1.2163887135135134, 0.1906372972972961, -0.9138527472972975], "id": "bf4dd114b53bd8f0d67352166d8df9fd", "numVertices": 740, "min": [0.929919, 0.0, -1.18777]}
