{"max": [2.541, 0.620036, -0.453619], "centroid": [2.2508841807313416, 0.49017993530238957, -0.6670452620722028], "id": "5268d7d72312c3645fa85fb6e983b148", "numVertices": 8532, "min": [1.96077, 0.0, -0.880472]}
