{"max": [0.355547, 0.979832, 0.355547], "centroid": [-0.00021996752916671728, 0.7805032940656667, -0.002329353631313113], "id": "b689aed9b7017c49f155d75bbf62b80", "numVertices": 7920, "min": [-0.355547, 0.0, -0.355547]}
