{"max": [0.0127, 1.28905, 0.95885], "centroid": [-0.39205270632478656, 0.5737638362367526, 0.30474650855981655], "id": "fd013bea1e1ffb27c31c70b1ddc95e3f", "numVertices": 2340, "min": [-0.7747, -0.0830792, -0.015875]}
