{"max": [0.0, 0.471487, 0.0], "centroid": [-0.1541175, 0.18859479999999995, -0.10874377000000002], "id": "e7de8a24dfc385d92715de3ea7b582d7", "numVertices": 20, "min": [-0.308235, 0.0, -0.217487]}
