{"max": [0.817462, 0.333375, 1.37063], "centroid": [0.5858708381355936, 0.32659449152541725, 1.1360078779661018], "id": "ec95231a746d67a0775917454d940127", "numVertices": 1180, "min": [0.350532, 0.0, 0.907967]}
