{"max": [0.925512, 3.11309, 0.956627], "centroid": [0.0009852780821917818, 2.5896303013698723, 0.00044850876712314487], "id": "e5b7b5112e396a49b581cc9c4410f841", "numVertices": 730, "min": [-0.925512, 0.0, -0.925513]}
