{"max": [-0.148144, 1.21971, 0.372167], "centroid": [-0.5264475533181233, 0.5007978253149448, 0.013089269943060982], "id": "e6ce8ae22ebd6183ad5067eac75a07f7", "numVertices": 10081, "min": [-0.87708, 0.0, -0.351962]}
