{"max": [0.660535, 1.20786, 0.670736], "centroid": [0.32913324263924415, 0.7064106393575297, 0.34966488257453043], "id": "abfc82b4f2071aa6ad5067eac75a07f7", "numVertices": 4327, "min": [0.0, 0.0, 0.0]}
