{"max": [0.34544, 0.3556, 0.0], "centroid": [0.17271998847222217, 0.17779999999999993, -0.17271998847222225], "id": "acfe521c412fcd04564c0afd61663476", "numVertices": 144, "min": [0.0, 0.0, -0.34544]}
