{"max": [-0.117541, 1.82, -0.249572], "centroid": [-0.8367120526315786, 0.9721052631578931, -0.9705645131578945], "id": "83488978efe02f562a1ff22c35676be7", "numVertices": 152, "min": [-1.55488, 0.0, -1.68691]}
