{"max": [-0.866953, 1.06835, -2.88096], "centroid": [-1.2291680850406468, 0.8028751376260148, -3.2408584130081275], "id": "1532546ac3d8a2cff155d75bbf62b80", "numVertices": 6150, "min": [-1.59142, 0.0, -3.60543]}
