{"max": [1.5642, 2.33997, 1.71957], "centroid": [0.287200791493671, 0.24622306835443014, 0.0026843762341772805], "id": "86194a4645da1f19e14ca01ae177e9d", "numVertices": 316, "min": [-1.55457, -1.71866, -1.59686]}
