{"max": [-1.31189, 0.378802, -0.576936], "centroid": [-1.4725714661337805, 0.11659635216028559, -0.7500905124106019], "id": "ecd9af137b451664bb46eebc96453b8e", "numVertices": 4754, "min": [-1.66778, 0.0, -0.932762]}
