{"max": [0.291241, 0.871395, 0.0866921], "centroid": [0.03537972375969001, 0.5284157142635657, -0.046940149627906914], "id": "f7470d69ce11121a95f577622f465c85", "numVertices": 516, "min": [-0.21299, 0.0, -0.275862]}
