{"max": [0.0, 1.2968, 0.0], "centroid": [-0.7948336661853287, 0.6422125242948249, -0.3535626200060152], "id": "cf09264eb6d80455526c1122178737e6", "numVertices": 3324, "min": [-1.5444, 0.0, -1.1167]}
