{"max": [0.343633, 1.0283, 0.347863], "centroid": [0.005828146381070641, 0.8063477249724078, 0.008866612436492779], "id": "4606c9bae0c3a717ba6cf6cbb9f4c2bb", "numVertices": 7248, "min": [-0.346373, 0.0, -0.335173]}
