{"max": [-0.0969329, 1.11468, -0.0616008], "centroid": [-0.3681962095224798, 0.584127774486455, -0.5218507857860876], "id": "942887c8d668501681faebbdea6bd9be", "numVertices": 3581, "min": [-0.638601, 0.0, -0.60093]}
