{"max": [-0.0429292, 0.83185, -0.0348568], "centroid": [-0.40043466732253136, 0.6051068788580253, -0.3666887214891974], "id": "a23c4789341aa242cb2a965e75be701c", "numVertices": 2592, "min": [-0.751725, 0.0, -0.745455]}
