{"max": [0.51435, 0.695776, 0.0127], "centroid": [0.25543730710824053, 0.4464909693726586, -0.22281484082397116], "id": "480e98c025179a68b47ef2a0cb1f9cbf", "numVertices": 1068, "min": [-0.0127, 0.0, -0.3937]}
