{"max": [0.660535, 1.20786, 0.670736], "centroid": [0.3297433128513544, 0.49179566797499297, 0.3375168805725287], "id": "90669f582a8fccc5ad5067eac75a07f7", "numVertices": 21274, "min": [0.0, 0.0, 0.0]}
