{"max": [0.5011, 0.717356, 1.27746], "centroid": [0.2927608542372886, 0.2275343864406778, 0.9868996610169507], "id": "df3772b1bac3003c464e1d2ff524a75b", "numVertices": 295, "min": [0.0811, 0.0, 0.817462]}
