{"max": [0.0, 1.18453, 0.0], "centroid": [-0.37445437704963813, 0.4513076770754784, -0.3556961584360901], "id": "a09482e9b131164ead5067eac75a07f7", "numVertices": 9287, "min": [-0.728936, -0.003175, -0.724129]}
