{"max": [0.800938, 1.10467, 0.338965], "centroid": [0.46738934660350834, 0.47775959997983725, 0.008597406142753367], "id": "d3cab0515bdbf311ad5067eac75a07f7", "numVertices": 9922, "min": [0.140404, 0.0, -0.33176]}
