{"max": [0.808547, 0.685732, 0.296492], "centroid": [0.5801560930979136, 0.05545382895280865, 0.06969415355858853], "id": "92fa62263ad30506d2b12aa6a0f050b3", "numVertices": 6230, "min": [0.35241, -0.0677556, -0.159014]}
