{"max": [0.469353, 0.714912, 0.259258], "centroid": [0.3003686892166837, 0.41165983668362155, 0.09022425128179055], "id": "77905cdb377b3c47cb2a965e75be701c", "numVertices": 1966, "min": [0.130359, 0.0, -0.0797358]}
