{"max": [0.660535, 1.20786, 0.670736], "centroid": [0.32902247981935534, 0.7356313281290273, 0.35138711078709706], "id": "a7441227a374ee8cad5067eac75a07f7", "numVertices": 3875, "min": [0.0, 0.0, 0.0]}
