{"max": [0.692939, 0.950266, 0.640066], "centroid": [0.39532764566276735, 0.5795937138011709, 0.3409678953898644], "id": "b537facfbab18da781faebbdea6bd9be", "numVertices": 10260, "min": [0.0976518, 0.0, 0.0344272]}
