{"max": [0.0, 0.62, 0.637274], "centroid": [-0.31878039213850407, 0.5206040775623302, 0.31780454380055384], "id": "a9cd539f8a5e19e06af350e51093426c", "numVertices": 722, "min": [-0.637274, 0.0, 0.0]}
