{"max": [0.2, 0.52, 0.2], "centroid": [0.0023201214285714336, 0.2664679619047611, -4.625929269271486e-19], "id": "ec1c1aa7003cf68d49e6f7df978f3373", "numVertices": 840, "min": [-0.2, -0.05, -0.2]}
