{"max": [0.00635, 1.80463, 0.9144], "centroid": [-1.0084081407056051, 0.9139144779128378, -0.07300307638434556], "id": "d5c28f4d7b89bc87eb13448f2bce3ef8", "numVertices": 3373, "min": [-2.14313, 0.0, -0.727016]}
