{"max": [-0.100766, 0.749187, -0.0831454], "centroid": [-0.43828404814737854, 0.3276368963550372, -0.3865526080803944], "id": "501154f25599ee80cb2a965e75be701c", "numVertices": 4777, "min": [-0.773866, -0.000319034, -0.756245]}
