{"max": [0.05969, 0.978606, 0.3937], "centroid": [-0.22860000035474606, 0.2845624271812081, 0.031152142746308793], "id": "c5d49f41924ce872b7a97a3c2b004475", "numVertices": 1043, "min": [-0.51689, 0.0, -0.0886184]}
