{"max": [0.206024, 0.711819, 0.206024], "centroid": [0.0010867861272264615, 0.6701055216285022, -0.000968623791348591], "id": "d828e4f441b150b460174b3ceb24976d", "numVertices": 786, "min": [-0.206024, 0.0, -0.206024]}
