{"max": [-0.129289, 0.9144, 0.647675], "centroid": [-0.5913157032725594, 0.7120977814627685, 0.2939169973488909], "id": "c50c72eefe225b51cb2a965e75be701c", "numVertices": 9106, "min": [-0.84763, 0.0, -0.0635251]}
