{"max": [0.44, 0.91, 0.44], "centroid": [0.22056022222797916, 0.648914300518135, 0.22007374347150274], "id": "c6ef918f335bb21c5896bab37ddebe7", "numVertices": 386, "min": [0.0, 0.0, 0.0]}
