{"max": [0.0278492, 0.0142875, -0.0139854], "centroid": [0.019943318749999994, 0.007540625000000002, -0.02188372708333333], "id": "e6c0e2578876d6fd808bd51049b82b48", "numVertices": 96, "min": [0.0119796, 0.0, -0.0298551]}
