{"max": [0.0, 0.97, 0.0], "centroid": [-0.433525078353253, 0.20130388313413156, -0.3058698652058436], "id": "c27682e5292ce95b7eee615e75bc3b77", "numVertices": 1506, "min": [-0.971, 0.0, -0.61]}
