{"max": [-1.51395, 0.26035, 0.933008], "centroid": [-1.6742883333333334, 0.13017499999999996, 0.7726702083333331], "id": "8026b11c2f66d77ed5a4ff0c97164231", "numVertices": 48, "min": [-1.83463, 0.0, 0.612333]}
