{"max": [0.36195, 0.8509, 0.36195], "centroid": [0.0020675280933670844, 0.6335181674063842, -0.0024973488609908636], "id": "b6833a66eedf457af155d75bbf62b80", "numVertices": 5768, "min": [-0.36195, 0.0, -0.36195]}
