{"max": [0.326198, 0.723265, 0.326198], "centroid": [-0.0005444224632068428, 0.510958622927961, -0.0002458118512780624], "id": "d7394e554aff20b2f155d75bbf62b80", "numVertices": 5164, "min": [-0.326198, 0.0, -0.326198]}
