{"max": [-0.087836, 0.831942, 0.853031], "centroid": [-0.4294769744058514, 0.523543883154871, 0.48678877983807584], "id": "658247fdcc33f379cb2a965e75be701c", "numVertices": 3829, "min": [-0.811736, 0.0, 0.129614]}
