{"max": [1.17486, 0.989012, 1.21271], "centroid": [0.6123510527817406, 0.6650287817403708, 0.7337382895863048], "id": "50978d3850fcf4e371a126804ae24042", "numVertices": 701, "min": [0.247406, 0.0, 0.28526]}
