{"max": [0.219456, 0.402336, 0.219456], "centroid": [2.2487156170069723e-17, 0.3813432962962982, -7.335096179284647e-18], "id": "e500097e7023db9ac951cf8670bfff6", "numVertices": 648, "min": [-0.219456, 0.0, -0.219456]}
