{"max": [-1.40548, 0.5969, -0.496751], "centroid": [-1.5587136723163888, 0.27219367288135593, -0.6718583728813556], "id": "c1b3e0b6930003fa3b146c3414841312", "numVertices": 177, "min": [-1.71028, 0.0, -0.846001]}
