{"max": [0.11272, 1.0414, 0.124813], "centroid": [-0.2927733699275362, 0.5775739130434794, -0.28068093510869546], "id": "b51812771e42354f9996a93ae0c9395c", "numVertices": 276, "min": [-0.698267, -0.0254, -0.686174]}
