{"max": [0.157162, 0.406672, 0.1524], "centroid": [0.02142142967032968, 0.22791507692307708, -0.0028393813186813185], "id": "dfd96d49538de0008a606c63493ddb7c", "numVertices": 91, "min": [-0.147637, 0.0, -0.1524]}
