{"max": [-1.69864, 0.9, 2.22928], "centroid": [-2.1276377989601456, 0.5557021483535532, 2.0017712305026003], "id": "ee8ea1be0821a32860b96188a6533c41", "numVertices": 577, "min": [-2.25064, 0.0, 1.73928]}
