{"max": [0.661311, 0.999412, 0.671513], "centroid": [0.3299963380973069, 0.44389159334274975, 0.34230681446567834], "id": "676aa5ae01563ba9ad5067eac75a07f7", "numVertices": 9208, "min": [0.0, 0.0, 0.0]}
