{"max": [0.547231, 0.826421, 0.0], "centroid": [0.2698049168105037, 0.4487304755008364, -0.22148491335100043], "id": "d3b69f01f5f02240ad5067eac75a07f7", "numVertices": 14376, "min": [0.0, 0.0, -0.445677]}
