{"max": [0.357838, 0.872, 0.098487], "centroid": [0.08831430303030276, 0.42709154101995567, -0.10276931707317065], "id": "99cf791f4725be642ad490d4d7fae486", "numVertices": 1353, "min": [-0.181559, 0.0, -0.308333]}
