{"max": [1.59587, 1.25246, 1.41875], "centroid": [1.2673085047990396, 0.7349419466106802, 1.093953841931616], "id": "816d92c78f85f5002056b4bd5d870b47", "numVertices": 3334, "min": [0.948947, 0.0, 0.771828]}
