{"max": [0.174518, 1.01072, 0.669439], "centroid": [-0.2017246595220795, 0.1929393229892201, 0.29331624561969105], "id": "269b2573816e52dad2b12aa6a0f050b3", "numVertices": 26696, "min": [-0.577959, -0.0435559, -0.0826965]}
