{"max": [-0.581895, 1.97167, 2.31321], "centroid": [-1.5155567939698475, 1.2451058844221095, 1.4050494723618097], "id": "889768abe1e56957769df73d7c60d904", "numVertices": 199, "min": [-2.42645, 0.0, 0.453437]}
