{"max": [10.6677, 25.2252, 6.03052], "centroid": [6.001724814425782, 14.921026328431584, 3.4965307990195953], "id": "c3b31dc8c48265ecfffc97a61124b1a9", "numVertices": 1428, "min": [0.690857, 0.0, -5.45401]}
