{"max": [0.257175, 0.8255, 0.257568], "centroid": [-0.0019386577594646414, 0.5456861137380427, 0.0001477790626673171], "id": "2251883e24a2527df155d75bbf62b80", "numVertices": 4184, "min": [-0.257175, 0.0, -0.257175]}
