{"max": [-0.396702, 0.979487, 2.14147], "centroid": [-0.8595354252873566, 0.6726521340996161, 1.6649381226053646], "id": "161e5e86fa48686888cad7f6c0e6001", "numVertices": 261, "min": [-1.32053, 0.0, 1.21765]}
