{"max": [0.0, 1.11081, 0.0], "centroid": [-0.3749695828823631, 0.4563894883003577, -0.35579543307891487], "id": "126ae26edcd76f27ad5067eac75a07f7", "numVertices": 9402, "min": [-0.73603, -0.003175, -0.725767]}
