{"max": [-0.18367, 0.839159, 0.763431], "centroid": [-0.4659190762492525, 0.3520994306589693, 0.46585087855863117], "id": "555f9430c2ca273ccb2a965e75be701c", "numVertices": 5023, "min": [-0.779526, 0.0, 0.167575]}
