{"max": [0.304717, 0.716534, 0.304717], "centroid": [-0.0010074211939252269, 0.29019020787716976, -0.0022915911089787066], "id": "97e3b7b4688c2a93f155d75bbf62b80", "numVertices": 5992, "min": [-0.304717, 0.014859, -0.304717]}
