{"max": [0.311424, 0.724401, 0.311428], "centroid": [0.002222178209835174, 0.5158273674608025, 0.004422621259600705], "id": "b729214e49af571bf155d75bbf62b80", "numVertices": 7463, "min": [-0.311424, -0.006477, -0.311428]}
