{"max": [0.0, 1.14725, 0.578975], "centroid": [-0.34748197517689916, 0.6743614906867885, 0.289512258254006], "id": "a8f009b0b4a76bf663b2acb037dfbcde", "numVertices": 3844, "min": [-0.679326, 0.0, 0.0]}
