{"max": [0.25, 0.715008, 0.25], "centroid": [2.6376470588247958e-05, 0.48506230588235255, -0.0013643529411764704], "id": "e519a53461b3b75b66f3eac0b0a36798", "numVertices": 85, "min": [-0.25, 0.0, -0.25]}
