{"max": [-0.948947, 1.15395, -0.771828], "centroid": [-1.2718240009725794, 0.5600974145496942, -1.09392670783894], "id": "f2ee002e961747032056b4bd5d870b47", "numVertices": 5141, "min": [-1.59587, 0.0, -1.41875]}
