{"max": [0.359695, 0.927101, -0.191284], "centroid": [-0.031862701743167084, 0.6936023198264621, -0.47953131127982745], "id": "af7a781f08fdd4481faebbdea6bd9be", "numVertices": 4610, "min": [-0.356267, 0.0, -0.890401]}
