{"max": [0.0627365, 0.814449, 0.815482], "centroid": [-0.2601997384511017, 0.6231528205200594, 0.49501463708309823], "id": "ded74a76b1a4dc8ecb2a965e75be701c", "numVertices": 1769, "min": [-0.579827, 0.0, 0.172918]}
