{"max": [0.332197, 0.86, 0.338125], "centroid": [-0.0030307709854545694, 0.5918853890909009, -0.002474703116363613], "id": "e5050955cb29144b907bde230eb962dd", "numVertices": 2750, "min": [-0.327798, 0.0, -0.32187]}
