{"max": [0.127572, 0.321659, 0.885518], "centroid": [-0.062136673516558855, 0.16091261048893526, 0.6951558065353736], "id": "c77e8499be0ce1e04f3443b22038d340", "numVertices": 20412, "min": [-0.251045, -0.197232, 0.5069]}
