{"max": [0.578834, 0.975897, 0.530403], "centroid": [0.14860615265252725, 0.7870688289268967, 0.014628849607231757], "id": "af6fa396b2869446d4d8765e3910f617", "numVertices": 5144, "min": [-0.160961, 0.0, -0.323341]}
