{"max": [1.30788, 0.83092, 1.69498], "centroid": [0.9482730687830685, 0.6979217777777776, 1.329313523809524], "id": "af32b6f5a0343c107c35d3c5d3b1fcf7", "numVertices": 189, "min": [0.591456, 0.022225, 0.978559]}
