{"max": [0.171767, 0.585632, 0.171767], "centroid": [0.007920625399702846, 0.38982817564933214, -0.0030471185111441298], "id": "f67bf3e49cfffc91f155d75bbf62b80", "numVertices": 3365, "min": [-0.171767, 0.0, -0.171767]}
